<?xml version="1.0" encoding="UTF-8"?>
<beans xmlns="http://www.springframework.org/schema/beans"
	xmlns:xsi="http://www.w3.org/2001/XMLSchema-instance" xmlns:context="http://www.springframework.org/schema/context"
	xsi:schemaLocation="http://www.springframework.org/schema/beans
    http://www.springframework.org/schema/beans/spring-beans-3.0.xsd
    http://www.springframework.org/schema/context
    http://www.springframework.org/schema/context/spring-context-3.0.xsd">
    
    
    <context:annotation-config/>
    <context:component-scan base-package="com.spring.practice"/>
    
    
    <bean id="dataSource"
		class="org.springframework.jdbc.datasource.DriverManagerDataSource">
		<property name="driverClassName" value="com.mysql.cj.jdbc.Driver"></property>
		<property name="url" value="jdbc:mysql://localhost/assignment"></property>
		<property name="username" value="root"></property>
		<property name="password" value="root"></property>
	</bean>
	
	<bean id="jdbcTemplate" class="org.springframework.jdbc.core.JdbcTemplate">
		<property name="dataSource" ref="dataSource"></property>
	</bean> 
	<bean id="JDBCTemplateDAO" class="JDBCTemplateDAO">
	<property name="jdbcTemplate" ref="jdbcTemplate"></property>
	</bean>
    
    <bean id="newStudent" class="StudentFactory"
    factory-method="createStudentOfId">
    <constructor-arg value="newStudent" />
</bean>
    
    
   <!--   <bean id="helloWorld" class="com.spring.practice.HelloWorld" scope="prototype"> 
     	<property name="name" value="Accolite"></property>  
    	<constructor-arg name="name" value="Accolite"></constructor-arg>	 
    </bean>  -->
    
<!--     <bean id='a' class="com.spring.practice.A" autowire="byName"> -->
<!--           <property name="b" ref="b"></property> --> 
<!--     </bean> -->



<!--     <bean id='a' class="com.spring.practice.A"/> -->
    
<!--     <bean id='b' class="com.spring.practice.B"> -->
<!--          <property name="p" value="1"></property> -->
<!--          <property name="q" value="2"></property> -->
<!--          <property name="r" value="3"></property> -->
<!--     </bean> -->
    
    
    
<!--     <bean id='b3' class="com.spring.practice.B"> -->
<!--          <property name="p" value="1"></property> -->
<!--          <property name="q" value="2"></property> -->
<!--          <property name="r" value="3"></property> -->
<!--     </bean> -->

		
    
</beans>